{"cameraMode":{"drawMode":0,"name":"Shaded","section":"Shading Mode"},"sceneLighting":true,"audioPlay":false,"sceneViewState":{"m_AlwaysRefresh":false,"showFog":true,"showSkybox":true,"showFlares":true,"showImageEffects":true,"showParticleSystems":true,"showVisualEffectGraphs":true,"m_FxEnabled":true},"in2DMode":false,"pivot":{"x":-2.5932836532592775,"y":1.2496898174285889,"z":-0.663523256778717},"rotation":{"x":-0.007197968661785126,"y":0.9778209924697876,"z":-0.03404998034238815,"w":-0.20657461881637574},"size":2.3923685550689699,"orthographic":false}